OrderID,OrderDate,Region,Category,Product,Sales,Quantity,Profit,CustomerSegment
1000,2023-01-01,East,Furniture,Table,1216,9,249.46,Corporate
1001,2023-01-02,West,Office Supplies,Pen,1999,7,299.66,Corporate
1002,2023-01-03,North,Technology,Pen,1055,9,105.93,Consumer
1003,2023-01-04,East,Technology,Laptop,1843,3,248.47,Corporate
1004,2023-01-05,East,Technology,Phone,147,4,18.14,Corporate
1005,2023-01-06,West,Technology,Pen,1651,8,313.39,Corporate
1006,2023-01-07,North,Technology,Notebook,111,6,24.69,Corporate
1007,2023-01-08,North,Technology,Pen,1696,5,241.88,Consumer
1008,2023-01-09,East,Technology,Chair,562,4,161.75,Consumer
1009,2023-01-10,South,Furniture,Phone,865,8,87.66,Corporate
1010,2023-01-11,East,Office Supplies,Chair,1575,1,400.77,Corporate
1011,2023-01-12,East,Technology,Phone,1701,9,382.79,Consumer
1012,2023-01-13,East,Furniture,Chair,1008,1,176.11,Consumer
1013,2023-01-14,East,Furniture,Pen,1871,8,205.99,Consumer
1014,2023-01-15,West,Office Supplies,Pen,466,4,105.08,Corporate
1015,2023-01-16,North,Technology,Laptop,409,9,72.44,Corporate
1016,2023-01-17,West,Office Supplies,Notebook,691,5,198.49,Home Office
1017,2023-01-18,West,Technology,Chair,1904,3,396.79,Consumer
1018,2023-01-19,West,Furniture,Table,62,9,17.85,Corporate
1019,2023-01-20,East,Furniture,Laptop,273,9,39.34,Consumer
1020,2023-01-21,South,Furniture,Chair,1173,4,287.56,Corporate
1021,2023-01-22,North,Furniture,Chair,1103,4,246.47,Consumer
1022,2023-01-23,South,Office Supplies,Laptop,682,8,169.06,Corporate
1023,2023-01-24,West,Technology,Pen,486,2,69.47,Home Office
1024,2023-01-25,West,Technology,Chair,306,9,71.3,Home Office
1025,2023-01-26,South,Office Supplies,Pen,1030,6,205.6,Consumer
1026,2023-01-27,South,Technology,Laptop,1560,9,387.76,Corporate
1027,2023-01-28,South,Furniture,Pen,1510,8,249.77,Corporate
1028,2023-01-29,West,Technology,Phone,1973,7,548.52,Consumer
1029,2023-01-30,West,Furniture,Table,797,1,93.14,Corporate
1030,2023-01-31,North,Office Supplies,Tablet,364,3,95.16,Consumer
1031,2023-02-01,North,Technology,Chair,661,2,179.97,Corporate
1032,2023-02-02,West,Office Supplies,Notebook,401,5,105.64,Consumer
1033,2023-02-03,South,Technology,Table,1822,5,369.04,Corporate
1034,2023-02-04,South,Furniture,Tablet,709,5,133.06,Consumer
1035,2023-02-05,North,Office Supplies,Pen,1296,4,387.83,Corporate
1036,2023-02-06,West,Technology,Chair,1970,5,287.29,Home Office
1037,2023-02-07,North,Furniture,Pen,1099,3,230.1,Corporate
1038,2023-02-08,North,Office Supplies,Phone,1506,1,352.61,Consumer
1039,2023-02-09,East,Office Supplies,Laptop,476,5,114.32,Home Office
1040,2023-02-10,East,Technology,Chair,1002,9,141.09,Corporate
1041,2023-02-11,East,Technology,Tablet,102,9,23.54,Home Office
1042,2023-02-12,South,Technology,Tablet,1948,4,513.64,Corporate
1043,2023-02-13,West,Furniture,Phone,1142,3,125.62,Home Office
1044,2023-02-14,West,Technology,Phone,168,1,47.43,Consumer
1045,2023-02-15,West,Office Supplies,Chair,1372,2,145.3,Corporate
1046,2023-02-16,West,Office Supplies,Pen,1199,8,205.26,Corporate
1047,2023-02-17,East,Technology,Notebook,209,1,21.56,Consumer
1048,2023-02-18,South,Technology,Tablet,1537,8,177.41,Home Office
1049,2023-02-19,South,Office Supplies,Tablet,902,7,254.57,Consumer
1050,2023-02-20,East,Furniture,Phone,282,8,48.21,Consumer
1051,2023-02-21,South,Technology,Table,1123,6,207.7,Home Office
1052,2023-02-22,East,Technology,Phone,419,9,59.95,Consumer
1053,2023-02-23,West,Office Supplies,Notebook,783,3,171.81,Corporate
1054,2023-02-24,East,Technology,Pen,628,4,137.51,Corporate
1055,2023-02-25,West,Furniture,Pen,1303,6,227.3,Corporate
1056,2023-02-26,West,Office Supplies,Table,1815,8,302.39,Consumer
1057,2023-02-27,North,Technology,Tablet,1658,5,459.25,Corporate
1058,2023-02-28,East,Office Supplies,Phone,1595,3,281.77,Corporate
1059,2023-03-01,North,Technology,Pen,804,6,159.75,Corporate
1060,2023-03-02,East,Technology,Notebook,120,4,18.8,Corporate
1061,2023-03-03,East,Technology,Chair,1402,9,360.81,Corporate
1062,2023-03-04,North,Furniture,Laptop,1423,3,255.41,Corporate
1063,2023-03-05,North,Furniture,Laptop,839,4,170.08,Consumer
1064,2023-03-06,East,Office Supplies,Laptop,1264,7,190.45,Corporate
1065,2023-03-07,South,Technology,Tablet,839,7,249.63,Corporate
1066,2023-03-08,West,Technology,Phone,439,4,69.49,Home Office
1067,2023-03-09,North,Furniture,Table,143,6,36.34,Consumer
1068,2023-03-10,West,Technology,Pen,441,3,81.81,Consumer
1069,2023-03-11,South,Furniture,Chair,1274,6,179.94,Consumer
1070,2023-03-12,South,Technology,Notebook,1733,2,450.48,Consumer
1071,2023-03-13,South,Office Supplies,Chair,1106,8,184.39,Corporate
1072,2023-03-14,North,Technology,Notebook,1528,2,417.2,Corporate
1073,2023-03-15,South,Technology,Tablet,1671,7,472.98,Home Office
1074,2023-03-16,North,Furniture,Phone,1746,9,474.85,Home Office
1075,2023-03-17,South,Technology,Laptop,1617,1,173.02,Consumer
1076,2023-03-18,West,Technology,Phone,787,8,202.63,Home Office
1077,2023-03-19,West,Furniture,Tablet,502,7,91.5,Home Office
1078,2023-03-20,East,Office Supplies,Table,538,6,147.81,Consumer
1079,2023-03-21,West,Office Supplies,Table,174,6,39.6,Consumer
1080,2023-03-22,East,Furniture,Tablet,111,6,29.61,Home Office
1081,2023-03-23,West,Furniture,Notebook,1001,9,200.09,Corporate
1082,2023-03-24,North,Furniture,Pen,1569,2,324.79,Home Office
1083,2023-03-25,West,Furniture,Pen,474,1,61.09,Home Office
1084,2023-03-26,East,Furniture,Notebook,1784,6,458.13,Corporate
1085,2023-03-27,East,Office Supplies,Table,617,8,113.45,Corporate
1086,2023-03-28,South,Office Supplies,Table,1688,3,337.63,Consumer
1087,2023-03-29,North,Furniture,Table,529,1,135.96,Consumer
1088,2023-03-30,West,Technology,Phone,1226,9,269.44,Home Office
1089,2023-03-31,South,Furniture,Table,405,1,56.79,Corporate
1090,2023-04-01,West,Technology,Chair,1617,3,352.58,Consumer
1091,2023-04-02,West,Furniture,Laptop,1774,8,322.03,Home Office
1092,2023-04-03,South,Furniture,Table,424,3,82.22,Corporate
1093,2023-04-04,South,Office Supplies,Notebook,265,4,28.0,Home Office
1094,2023-04-05,South,Technology,Laptop,761,8,108.07,Consumer
1095,2023-04-06,South,Technology,Phone,1634,1,255.24,Consumer
1096,2023-04-07,South,Office Supplies,Notebook,680,6,164.96,Corporate
1097,2023-04-08,West,Office Supplies,Laptop,669,1,68.44,Home Office
1098,2023-04-09,South,Office Supplies,Notebook,1514,1,275.18,Corporate
1099,2023-04-10,North,Office Supplies,Phone,1869,8,532.3,Consumer
1100,2023-04-11,East,Technology,Chair,1931,4,236.31,Consumer
1101,2023-04-12,South,Technology,Phone,1466,1,298.02,Home Office
1102,2023-04-13,South,Furniture,Phone,920,7,236.72,Home Office
1103,2023-04-14,West,Furniture,Notebook,84,5,24.23,Home Office
1104,2023-04-15,South,Office Supplies,Tablet,1056,5,263.32,Corporate
1105,2023-04-16,South,Office Supplies,Pen,232,1,56.63,Home Office
1106,2023-04-17,South,Office Supplies,Table,261,6,69.24,Home Office
1107,2023-04-18,West,Furniture,Table,512,9,96.89,Consumer
1108,2023-04-19,South,Furniture,Chair,1256,9,328.03,Consumer
1109,2023-04-20,East,Furniture,Chair,1736,8,176.37,Home Office
1110,2023-04-21,West,Furniture,Table,357,5,101.71,Home Office
1111,2023-04-22,East,Furniture,Pen,192,1,36.22,Consumer
1112,2023-04-23,West,Furniture,Table,691,9,145.58,Home Office
1113,2023-04-24,South,Furniture,Tablet,183,1,27.63,Corporate
1114,2023-04-25,East,Office Supplies,Pen,484,8,120.28,Corporate
1115,2023-04-26,West,Office Supplies,Chair,1014,5,116.94,Corporate
1116,2023-04-27,North,Office Supplies,Laptop,516,3,141.66,Home Office
1117,2023-04-28,South,Office Supplies,Notebook,719,7,190.98,Consumer
1118,2023-04-29,West,Furniture,Tablet,414,7,59.29,Home Office
1119,2023-04-30,North,Technology,Tablet,722,9,189.07,Home Office
1120,2023-05-01,West,Furniture,Chair,1960,7,504.25,Consumer
1121,2023-05-02,North,Technology,Chair,327,3,74.05,Consumer
1122,2023-05-03,South,Office Supplies,Phone,1811,1,316.39,Consumer
1123,2023-05-04,East,Furniture,Tablet,202,8,31.17,Corporate
1124,2023-05-05,North,Office Supplies,Phone,648,3,94.84,Home Office
1125,2023-05-06,West,Furniture,Phone,1837,8,300.76,Consumer
1126,2023-05-07,South,Office Supplies,Notebook,529,8,148.5,Home Office
1127,2023-05-08,North,Technology,Phone,1751,5,202.29,Corporate
1128,2023-05-09,West,Technology,Pen,565,1,150.16,Corporate
1129,2023-05-10,West,Technology,Table,1607,7,272.83,Consumer
1130,2023-05-11,West,Furniture,Laptop,643,5,131.38,Consumer
1131,2023-05-12,North,Technology,Chair,1807,8,467.83,Home Office
1132,2023-05-13,North,Furniture,Pen,613,9,169.72,Consumer
1133,2023-05-14,North,Technology,Laptop,763,7,128.91,Home Office
1134,2023-05-15,East,Technology,Tablet,1270,7,244.31,Consumer
1135,2023-05-16,North,Furniture,Tablet,1788,1,327.03,Home Office
1136,2023-05-17,North,Furniture,Tablet,1776,4,182.31,Home Office
1137,2023-05-18,North,Technology,Pen,1479,2,235.44,Home Office
1138,2023-05-19,East,Furniture,Pen,1968,2,377.54,Home Office
1139,2023-05-20,North,Technology,Chair,1465,2,266.95,Corporate
1140,2023-05-21,West,Furniture,Table,573,4,140.03,Home Office
1141,2023-05-22,North,Office Supplies,Phone,40,1,7.08,Consumer
1142,2023-05-23,West,Office Supplies,Tablet,573,4,113.38,Corporate
1143,2023-05-24,West,Office Supplies,Notebook,416,2,77.34,Corporate
1144,2023-05-25,West,Office Supplies,Table,644,5,159.79,Home Office
1145,2023-05-26,East,Office Supplies,Notebook,124,3,33.8,Corporate
1146,2023-05-27,East,Technology,Chair,211,8,43.55,Home Office
1147,2023-05-28,East,Office Supplies,Chair,36,4,9.28,Consumer
1148,2023-05-29,North,Office Supplies,Chair,1163,1,185.33,Home Office
1149,2023-05-30,West,Office Supplies,Laptop,412,1,85.81,Corporate
1150,2023-05-31,East,Office Supplies,Notebook,444,3,75.06,Consumer
1151,2023-06-01,East,Furniture,Table,148,9,27.06,Home Office
1152,2023-06-02,North,Technology,Table,1173,7,289.12,Consumer
1153,2023-06-03,East,Office Supplies,Pen,591,2,163.31,Consumer
1154,2023-06-04,North,Office Supplies,Pen,1603,9,199.25,Corporate
1155,2023-06-05,South,Office Supplies,Tablet,48,2,10.89,Consumer
1156,2023-06-06,East,Technology,Pen,1140,3,246.73,Corporate
1157,2023-06-07,South,Furniture,Chair,1053,2,130.24,Consumer
1158,2023-06-08,North,Technology,Table,261,3,37.16,Home Office
1159,2023-06-09,West,Furniture,Notebook,1869,6,303.15,Consumer
1160,2023-06-10,East,Office Supplies,Chair,1999,9,266.64,Home Office
1161,2023-06-11,North,Office Supplies,Laptop,251,9,37.34,Home Office
1162,2023-06-12,West,Technology,Pen,808,7,124.04,Consumer
1163,2023-06-13,West,Technology,Chair,1327,3,221.79,Home Office
1164,2023-06-14,South,Furniture,Chair,734,4,183.41,Consumer
1165,2023-06-15,North,Furniture,Laptop,778,6,166.79,Consumer
1166,2023-06-16,West,Technology,Phone,821,5,244.04,Home Office
1167,2023-06-17,East,Furniture,Table,795,2,145.44,Home Office
1168,2023-06-18,East,Technology,Notebook,1998,6,501.04,Corporate
1169,2023-06-19,South,Furniture,Tablet,745,3,204.35,Home Office
1170,2023-06-20,West,Technology,Phone,219,8,51.64,Corporate
1171,2023-06-21,North,Technology,Pen,964,2,175.81,Home Office
1172,2023-06-22,East,Technology,Chair,98,1,24.57,Consumer
1173,2023-06-23,West,Furniture,Laptop,1956,9,275.27,Home Office
1174,2023-06-24,West,Furniture,Laptop,975,3,161.37,Consumer
1175,2023-06-25,South,Furniture,Table,1898,1,397.32,Consumer
1176,2023-06-26,East,Technology,Phone,875,7,188.2,Consumer
1177,2023-06-27,East,Furniture,Tablet,1216,5,126.98,Corporate
1178,2023-06-28,North,Furniture,Table,486,5,140.47,Home Office
1179,2023-06-29,East,Technology,Chair,600,1,143.6,Consumer
1180,2023-06-30,North,Office Supplies,Table,1459,9,290.55,Consumer
1181,2023-07-01,East,Technology,Notebook,959,7,274.87,Corporate
1182,2023-07-02,South,Furniture,Laptop,468,8,87.9,Home Office
1183,2023-07-03,East,Technology,Laptop,106,9,31.39,Home Office
1184,2023-07-04,North,Office Supplies,Pen,120,6,24.29,Corporate
1185,2023-07-05,North,Technology,Pen,1051,5,129.12,Corporate
1186,2023-07-06,South,Furniture,Tablet,864,6,218.56,Home Office
1187,2023-07-07,East,Office Supplies,Chair,1243,2,293.07,Corporate
1188,2023-07-08,East,Furniture,Notebook,1548,4,394.12,Home Office
1189,2023-07-09,South,Office Supplies,Phone,106,3,30.77,Home Office
1190,2023-07-10,East,Office Supplies,Table,62,7,15.83,Consumer
1191,2023-07-11,East,Technology,Tablet,1428,9,317.4,Consumer
1192,2023-07-12,North,Technology,Chair,1664,5,451.71,Home Office
1193,2023-07-13,East,Furniture,Pen,1478,6,346.81,Home Office
1194,2023-07-14,East,Technology,Table,427,2,77.55,Home Office
1195,2023-07-15,South,Technology,Pen,1526,3,422.89,Home Office
1196,2023-07-16,South,Office Supplies,Table,683,3,98.61,Home Office
1197,2023-07-17,West,Technology,Phone,1060,9,257.5,Home Office
1198,2023-07-18,North,Office Supplies,Chair,1688,7,466.42,Corporate
1199,2023-07-19,East,Office Supplies,Table,167,8,41.13,Home Office
1200,2023-07-20,East,Office Supplies,Notebook,296,9,70.88,Corporate
1201,2023-07-21,West,Furniture,Tablet,251,6,62.88,Corporate
1202,2023-07-22,East,Furniture,Laptop,1869,4,360.74,Home Office
1203,2023-07-23,North,Furniture,Notebook,1970,1,541.42,Home Office
1204,2023-07-24,West,Office Supplies,Notebook,385,8,54.16,Corporate
1205,2023-07-25,North,Furniture,Tablet,1271,7,159.48,Corporate
1206,2023-07-26,West,Furniture,Laptop,1694,2,266.13,Home Office
1207,2023-07-27,West,Technology,Notebook,455,8,93.87,Home Office
1208,2023-07-28,South,Furniture,Table,418,5,84.48,Corporate
1209,2023-07-29,North,Furniture,Table,1254,7,331.21,Corporate
1210,2023-07-30,East,Office Supplies,Table,1434,4,259.43,Corporate
1211,2023-07-31,East,Office Supplies,Laptop,518,5,101.98,Consumer
1212,2023-08-01,North,Office Supplies,Notebook,559,8,57.39,Corporate
1213,2023-08-02,East,Office Supplies,Laptop,582,1,105.89,Consumer
1214,2023-08-03,East,Office Supplies,Table,1534,1,352.14,Home Office
1215,2023-08-04,North,Office Supplies,Tablet,461,4,47.53,Home Office
1216,2023-08-05,West,Furniture,Notebook,1304,3,203.65,Corporate
1217,2023-08-06,North,Office Supplies,Notebook,792,2,112.14,Home Office
1218,2023-08-07,West,Office Supplies,Pen,369,3,40.0,Home Office
1219,2023-08-08,East,Technology,Pen,1395,1,273.21,Home Office
1220,2023-08-09,East,Furniture,Phone,539,1,73.49,Home Office
1221,2023-08-10,East,Furniture,Chair,1363,6,338.86,Consumer
1222,2023-08-11,South,Furniture,Pen,157,5,42.32,Consumer
1223,2023-08-12,West,Office Supplies,Laptop,1593,8,333.12,Corporate
1224,2023-08-13,South,Office Supplies,Pen,1666,2,493.7,Corporate
1225,2023-08-14,South,Office Supplies,Phone,1011,4,192.19,Corporate
1226,2023-08-15,North,Technology,Notebook,387,8,78.43,Home Office
1227,2023-08-16,South,Office Supplies,Phone,1263,6,376.18,Home Office
1228,2023-08-17,North,Technology,Notebook,1380,1,201.91,Consumer
1229,2023-08-18,North,Furniture,Tablet,1266,4,365.25,Consumer
1230,2023-08-19,South,Office Supplies,Tablet,1691,1,183.59,Corporate
1231,2023-08-20,West,Technology,Notebook,1811,2,342.78,Consumer
1232,2023-08-21,West,Technology,Chair,379,5,43.21,Consumer
1233,2023-08-22,West,Office Supplies,Pen,940,8,231.1,Consumer
1234,2023-08-23,West,Furniture,Laptop,348,8,77.15,Consumer
1235,2023-08-24,West,Furniture,Laptop,981,3,236.74,Consumer
1236,2023-08-25,South,Furniture,Table,482,4,84.3,Corporate
1237,2023-08-26,South,Technology,Notebook,965,6,167.81,Corporate
1238,2023-08-27,East,Technology,Laptop,982,3,107.1,Consumer
1239,2023-08-28,West,Technology,Chair,1604,2,272.66,Corporate
1240,2023-08-29,South,Technology,Notebook,1847,6,527.98,Home Office
1241,2023-08-30,East,Furniture,Chair,1425,5,250.58,Consumer
1242,2023-08-31,West,Office Supplies,Laptop,855,5,227.66,Home Office
1243,2023-09-01,North,Technology,Laptop,1633,5,438.4,Corporate
1244,2023-09-02,East,Technology,Table,1660,5,289.92,Corporate
1245,2023-09-03,South,Furniture,Laptop,188,3,42.56,Home Office
1246,2023-09-04,North,Office Supplies,Notebook,236,7,28.1,Corporate
1247,2023-09-05,North,Office Supplies,Tablet,397,6,47.93,Consumer
1248,2023-09-06,North,Furniture,Notebook,138,4,15.14,Home Office
1249,2023-09-07,East,Furniture,Notebook,209,2,45.19,Consumer
1250,2023-09-08,South,Office Supplies,Table,786,9,145.58,Home Office
1251,2023-09-09,North,Technology,Table,389,1,81.54,Corporate
1252,2023-09-10,West,Office Supplies,Laptop,1821,4,371.87,Home Office
1253,2023-09-11,North,Furniture,Phone,168,1,28.57,Home Office
1254,2023-09-12,North,Technology,Phone,1719,6,404.82,Consumer
1255,2023-09-13,East,Technology,Table,671,4,168.89,Corporate
1256,2023-09-14,East,Furniture,Laptop,1902,5,195.76,Consumer
1257,2023-09-15,South,Furniture,Phone,1531,5,216.56,Corporate
1258,2023-09-16,West,Furniture,Laptop,789,9,191.45,Consumer
1259,2023-09-17,East,Office Supplies,Laptop,393,1,69.69,Home Office
1260,2023-09-18,North,Office Supplies,Laptop,800,2,186.0,Consumer
1261,2023-09-19,South,Technology,Pen,1736,6,294.07,Corporate
1262,2023-09-20,North,Furniture,Notebook,179,5,31.89,Corporate
1263,2023-09-21,North,Technology,Laptop,370,7,48.74,Home Office
1264,2023-09-22,East,Technology,Pen,1955,3,296.47,Corporate
1265,2023-09-23,South,Technology,Table,1331,3,294.26,Consumer
1266,2023-09-24,West,Technology,Phone,1331,2,248.41,Home Office
1267,2023-09-25,West,Furniture,Notebook,911,3,232.18,Corporate
1268,2023-09-26,East,Technology,Tablet,1269,1,343.29,Corporate
1269,2023-09-27,East,Furniture,Phone,542,5,112.91,Consumer
1270,2023-09-28,South,Furniture,Notebook,541,5,136.14,Consumer
1271,2023-09-29,West,Office Supplies,Tablet,802,7,129.43,Home Office
1272,2023-09-30,West,Furniture,Phone,292,4,53.43,Corporate
1273,2023-10-01,West,Office Supplies,Notebook,955,3,231.64,Consumer
1274,2023-10-02,North,Furniture,Phone,1445,1,256.12,Home Office
1275,2023-10-03,West,Furniture,Phone,202,8,43.98,Corporate
1276,2023-10-04,North,Furniture,Tablet,1708,3,234.12,Corporate
1277,2023-10-05,South,Office Supplies,Phone,507,2,111.52,Home Office
1278,2023-10-06,North,Office Supplies,Phone,1870,4,509.21,Home Office
1279,2023-10-07,South,Technology,Tablet,865,3,236.77,Consumer
1280,2023-10-08,West,Office Supplies,Table,143,1,35.02,Corporate
1281,2023-10-09,West,Office Supplies,Laptop,1004,3,250.15,Corporate
1282,2023-10-10,South,Office Supplies,Chair,1669,2,353.14,Corporate
1283,2023-10-11,East,Office Supplies,Pen,809,8,175.5,Home Office
1284,2023-10-12,South,Technology,Chair,433,6,54.87,Consumer
1285,2023-10-13,East,Office Supplies,Chair,1768,9,333.75,Corporate
1286,2023-10-14,North,Furniture,Notebook,1215,8,231.04,Home Office
1287,2023-10-15,North,Furniture,Laptop,1331,3,388.25,Corporate
1288,2023-10-16,North,Office Supplies,Notebook,1478,5,275.23,Consumer
1289,2023-10-17,West,Office Supplies,Laptop,705,7,147.96,Corporate
1290,2023-10-18,North,Furniture,Tablet,132,5,27.28,Consumer
1291,2023-10-19,East,Furniture,Tablet,907,8,206.21,Consumer
1292,2023-10-20,North,Technology,Laptop,1960,5,489.31,Corporate
1293,2023-10-21,South,Furniture,Phone,141,1,20.45,Corporate
1294,2023-10-22,South,Furniture,Table,1587,5,326.52,Consumer
1295,2023-10-23,West,Office Supplies,Phone,1265,4,335.46,Home Office
1296,2023-10-24,South,Furniture,Table,1674,6,322.45,Consumer
1297,2023-10-25,East,Technology,Notebook,58,3,9.03,Corporate
1298,2023-10-26,North,Furniture,Table,516,5,119.17,Corporate
1299,2023-10-27,West,Office Supplies,Notebook,799,2,211.54,Home Office
1300,2023-10-28,North,Office Supplies,Tablet,1276,6,143.71,Consumer
1301,2023-10-29,North,Furniture,Chair,962,6,245.65,Consumer
1302,2023-10-30,East,Office Supplies,Tablet,1573,5,415.79,Consumer
1303,2023-10-31,South,Technology,Tablet,168,6,32.31,Corporate
1304,2023-11-01,South,Technology,Chair,1440,7,427.19,Consumer
1305,2023-11-02,North,Furniture,Table,1041,5,267.89,Home Office
1306,2023-11-03,West,Furniture,Table,680,1,173.22,Corporate
1307,2023-11-04,South,Furniture,Notebook,1681,8,419.52,Corporate
1308,2023-11-05,West,Office Supplies,Phone,1947,4,253.35,Consumer
1309,2023-11-06,South,Technology,Notebook,321,9,46.05,Home Office
1310,2023-11-07,West,Technology,Phone,1403,6,270.5,Corporate
1311,2023-11-08,East,Office Supplies,Tablet,257,1,39.27,Corporate
1312,2023-11-09,West,Technology,Chair,666,3,121.91,Consumer
1313,2023-11-10,East,Furniture,Tablet,682,3,189.39,Consumer
1314,2023-11-11,East,Furniture,Laptop,255,4,67.54,Home Office
1315,2023-11-12,West,Furniture,Table,1779,6,402.07,Consumer
1316,2023-11-13,East,Technology,Phone,222,7,60.3,Home Office
1317,2023-11-14,North,Furniture,Notebook,275,4,70.61,Corporate
1318,2023-11-15,East,Office Supplies,Chair,617,6,114.64,Home Office
1319,2023-11-16,South,Office Supplies,Phone,681,1,95.49,Home Office
1320,2023-11-17,West,Technology,Notebook,254,8,51.52,Home Office
1321,2023-11-18,North,Office Supplies,Table,1388,7,343.18,Corporate
1322,2023-11-19,West,Office Supplies,Tablet,553,9,103.57,Consumer
1323,2023-11-20,South,Technology,Table,879,3,205.12,Corporate
1324,2023-11-21,South,Furniture,Pen,1840,2,218.71,Consumer
1325,2023-11-22,South,Furniture,Laptop,1824,1,455.27,Home Office
1326,2023-11-23,East,Furniture,Pen,1509,3,396.18,Home Office
1327,2023-11-24,East,Technology,Chair,789,5,190.44,Home Office
1328,2023-11-25,West,Office Supplies,Phone,560,2,164.33,Home Office
1329,2023-11-26,West,Furniture,Chair,232,3,61.56,Home Office
1330,2023-11-27,North,Furniture,Tablet,482,4,135.26,Consumer
1331,2023-11-28,North,Technology,Notebook,455,7,130.45,Consumer
1332,2023-11-29,West,Furniture,Table,302,3,78.6,Home Office
1333,2023-11-30,East,Technology,Pen,1605,9,376.94,Corporate
1334,2023-12-01,South,Office Supplies,Pen,1650,8,166.89,Corporate
1335,2023-12-02,West,Technology,Tablet,1506,4,290.91,Home Office
1336,2023-12-03,North,Technology,Pen,1450,1,310.64,Consumer
1337,2023-12-04,East,Technology,Tablet,107,1,17.21,Corporate
1338,2023-12-05,West,Technology,Chair,1087,1,177.86,Corporate
1339,2023-12-06,West,Office Supplies,Table,480,1,140.27,Corporate
1340,2023-12-07,East,Office Supplies,Phone,297,8,82.67,Home Office
1341,2023-12-08,West,Furniture,Notebook,1726,3,465.74,Corporate
1342,2023-12-09,East,Office Supplies,Phone,440,6,79.73,Corporate
1343,2023-12-10,South,Office Supplies,Chair,1744,3,179.18,Corporate
1344,2023-12-11,East,Furniture,Notebook,1396,5,162.0,Corporate
1345,2023-12-12,East,Office Supplies,Pen,715,7,116.14,Consumer
1346,2023-12-13,East,Technology,Laptop,534,2,55.08,Home Office
1347,2023-12-14,West,Technology,Chair,722,6,74.68,Home Office
1348,2023-12-15,West,Furniture,Chair,1673,6,474.0,Consumer
1349,2023-12-16,East,Furniture,Table,38,3,9.17,Consumer
1350,2023-12-17,West,Furniture,Phone,42,6,6.8,Home Office
1351,2023-12-18,North,Technology,Chair,432,5,54.66,Corporate
1352,2023-12-19,North,Office Supplies,Chair,1073,2,217.1,Corporate
1353,2023-12-20,West,Technology,Pen,1850,9,186.98,Home Office
1354,2023-12-21,West,Furniture,Pen,127,8,36.54,Corporate
1355,2023-12-22,East,Office Supplies,Notebook,1410,3,257.98,Consumer
1356,2023-12-23,South,Office Supplies,Tablet,1324,8,238.94,Corporate
1357,2023-12-24,West,Technology,Tablet,1171,9,208.58,Corporate
1358,2023-12-25,North,Furniture,Laptop,1272,3,144.84,Corporate
1359,2023-12-26,East,Technology,Tablet,1154,3,262.72,Home Office
1360,2023-12-27,West,Office Supplies,Table,155,2,38.22,Consumer
1361,2023-12-28,North,Technology,Laptop,381,8,89.62,Corporate
1362,2023-12-29,North,Technology,Notebook,1229,1,156.93,Home Office
1363,2023-12-30,South,Furniture,Pen,1699,8,366.59,Corporate
1364,2023-12-31,East,Furniture,Tablet,1627,7,348.01,Consumer
1365,2024-01-01,East,Office Supplies,Phone,148,7,40.5,Corporate
1366,2024-01-02,South,Technology,Pen,1919,3,337.41,Consumer
1367,2024-01-03,South,Technology,Table,1304,1,227.28,Corporate
1368,2024-01-04,East,Technology,Pen,534,4,119.46,Consumer
1369,2024-01-05,East,Office Supplies,Table,468,9,106.06,Corporate
1370,2024-01-06,West,Office Supplies,Table,1943,5,376.66,Consumer
1371,2024-01-07,West,Furniture,Table,1147,1,216.34,Corporate
1372,2024-01-08,South,Furniture,Notebook,1526,5,303.41,Corporate
1373,2024-01-09,West,Furniture,Table,1267,8,344.89,Home Office
1374,2024-01-10,North,Technology,Table,1875,8,360.44,Home Office
1375,2024-01-11,West,Technology,Phone,893,5,257.17,Consumer
1376,2024-01-12,West,Furniture,Laptop,1909,9,383.33,Corporate
1377,2024-01-13,North,Technology,Chair,1534,1,444.61,Consumer
1378,2024-01-14,South,Furniture,Laptop,492,4,131.15,Home Office
1379,2024-01-15,North,Office Supplies,Table,1053,3,181.63,Consumer
1380,2024-01-16,West,Furniture,Phone,1448,2,394.91,Consumer
1381,2024-01-17,South,Office Supplies,Pen,1939,8,236.58,Home Office
1382,2024-01-18,West,Technology,Phone,321,7,91.49,Corporate
1383,2024-01-19,North,Furniture,Table,250,9,56.58,Consumer
1384,2024-01-20,North,Technology,Phone,1774,2,196.7,Home Office
1385,2024-01-21,West,Office Supplies,Tablet,942,4,215.58,Corporate
1386,2024-01-22,East,Office Supplies,Phone,1109,6,326.99,Home Office
1387,2024-01-23,East,Office Supplies,Table,956,3,108.95,Consumer
1388,2024-01-24,North,Technology,Notebook,131,8,27.63,Corporate
1389,2024-01-25,North,Technology,Tablet,1056,3,263.53,Corporate
1390,2024-01-26,East,Technology,Phone,1436,2,376.31,Home Office
1391,2024-01-27,East,Technology,Chair,519,3,94.86,Home Office
1392,2024-01-28,West,Office Supplies,Chair,951,6,133.93,Home Office
1393,2024-01-29,West,Office Supplies,Phone,617,2,66.93,Corporate
1394,2024-01-30,East,Furniture,Notebook,253,8,54.63,Corporate
1395,2024-01-31,West,Furniture,Pen,621,1,118.35,Consumer
1396,2024-02-01,West,Technology,Table,333,7,96.49,Corporate
1397,2024-02-02,South,Office Supplies,Chair,585,2,65.59,Consumer
1398,2024-02-03,West,Office Supplies,Pen,1055,6,250.12,Home Office
1399,2024-02-04,North,Office Supplies,Phone,228,2,23.94,Home Office
1400,2024-02-05,West,Furniture,Pen,1057,2,141.94,Corporate
1401,2024-02-06,West,Furniture,Tablet,1676,8,319.64,Home Office
1402,2024-02-07,East,Office Supplies,Laptop,1461,2,279.01,Home Office
1403,2024-02-08,North,Office Supplies,Chair,1480,7,350.97,Corporate
1404,2024-02-09,West,Office Supplies,Phone,1420,3,400.5,Consumer
1405,2024-02-10,West,Furniture,Table,1063,8,242.16,Corporate
1406,2024-02-11,South,Office Supplies,Notebook,606,7,176.17,Consumer
1407,2024-02-12,West,Office Supplies,Tablet,1955,8,540.21,Corporate
1408,2024-02-13,West,Technology,Phone,1798,7,389.99,Corporate
1409,2024-02-14,South,Technology,Table,1778,6,474.3,Home Office
1410,2024-02-15,East,Furniture,Notebook,1034,7,236.29,Corporate
1411,2024-02-16,West,Office Supplies,Notebook,1113,5,128.79,Corporate
1412,2024-02-17,South,Office Supplies,Phone,1867,7,463.23,Consumer
1413,2024-02-18,North,Technology,Tablet,1254,1,149.2,Home Office
1414,2024-02-19,East,Furniture,Pen,1144,1,250.33,Consumer
1415,2024-02-20,North,Technology,Pen,717,9,172.46,Consumer
1416,2024-02-21,North,Technology,Notebook,151,5,17.11,Home Office
1417,2024-02-22,South,Technology,Pen,1666,5,243.5,Home Office
1418,2024-02-23,West,Technology,Laptop,1424,3,403.18,Home Office
1419,2024-02-24,South,Office Supplies,Notebook,1175,5,262.33,Corporate
1420,2024-02-25,South,Office Supplies,Notebook,1063,3,158.66,Home Office
1421,2024-02-26,South,Technology,Table,1949,9,464.13,Home Office
1422,2024-02-27,South,Furniture,Pen,555,9,121.74,Home Office
1423,2024-02-28,East,Furniture,Tablet,1033,6,206.93,Consumer
1424,2024-02-29,West,Furniture,Notebook,246,1,72.63,Consumer
1425,2024-03-01,North,Furniture,Tablet,1197,7,283.32,Corporate
1426,2024-03-02,North,Technology,Laptop,1848,7,323.56,Consumer
1427,2024-03-03,West,Office Supplies,Table,1785,4,464.13,Corporate
1428,2024-03-04,North,Furniture,Phone,1512,8,418.7,Consumer
1429,2024-03-05,West,Technology,Tablet,841,6,105.16,Home Office
1430,2024-03-06,North,Furniture,Notebook,890,4,124.7,Consumer
1431,2024-03-07,South,Furniture,Laptop,424,4,60.74,Corporate
1432,2024-03-08,North,Technology,Chair,221,2,52.65,Consumer
1433,2024-03-09,West,Office Supplies,Laptop,57,2,12.57,Home Office
1434,2024-03-10,West,Office Supplies,Laptop,961,4,215.07,Corporate
1435,2024-03-11,West,Technology,Table,1815,5,523.0,Home Office
1436,2024-03-12,West,Office Supplies,Phone,207,8,52.82,Home Office
1437,2024-03-13,West,Technology,Chair,1100,6,138.15,Corporate
1438,2024-03-14,East,Technology,Pen,960,4,162.72,Home Office
1439,2024-03-15,East,Technology,Pen,1063,7,198.86,Home Office
1440,2024-03-16,North,Office Supplies,Tablet,292,8,52.32,Consumer
1441,2024-03-17,West,Technology,Laptop,1162,2,271.75,Home Office
1442,2024-03-18,North,Furniture,Table,602,7,167.58,Home Office
1443,2024-03-19,West,Office Supplies,Table,535,2,86.25,Home Office
1444,2024-03-20,West,Office Supplies,Pen,1264,2,265.91,Home Office
1445,2024-03-21,East,Office Supplies,Tablet,545,8,140.55,Corporate
1446,2024-03-22,East,Office Supplies,Tablet,1558,2,285.49,Consumer
1447,2024-03-23,South,Furniture,Tablet,1771,9,236.65,Home Office
1448,2024-03-24,East,Office Supplies,Chair,1784,1,347.86,Home Office
1449,2024-03-25,South,Office Supplies,Phone,355,9,39.42,Corporate
1450,2024-03-26,South,Technology,Chair,717,1,206.84,Home Office
1451,2024-03-27,South,Office Supplies,Notebook,1098,2,126.23,Corporate
1452,2024-03-28,South,Furniture,Notebook,519,6,97.41,Consumer
1453,2024-03-29,South,Furniture,Phone,919,6,189.29,Consumer
1454,2024-03-30,North,Furniture,Pen,1931,1,573.62,Home Office
1455,2024-03-31,East,Furniture,Phone,785,7,104.57,Home Office
1456,2024-04-01,South,Office Supplies,Table,555,8,68.2,Home Office
1457,2024-04-02,West,Office Supplies,Notebook,181,2,18.42,Corporate
1458,2024-04-03,East,Furniture,Laptop,1713,8,224.6,Home Office
1459,2024-04-04,East,Furniture,Laptop,613,9,86.71,Home Office
1460,2024-04-05,South,Office Supplies,Pen,1958,6,442.74,Consumer
1461,2024-04-06,North,Furniture,Table,178,5,25.62,Home Office
1462,2024-04-07,South,Technology,Chair,1231,9,128.15,Consumer
1463,2024-04-08,North,Furniture,Table,79,9,20.96,Home Office
1464,2024-04-09,West,Furniture,Laptop,934,1,161.69,Consumer
1465,2024-04-10,East,Technology,Laptop,1860,3,317.58,Home Office
1466,2024-04-11,West,Technology,Notebook,1362,9,218.6,Consumer
1467,2024-04-12,North,Office Supplies,Table,1921,2,566.84,Corporate
1468,2024-04-13,North,Office Supplies,Table,230,4,30.83,Consumer
1469,2024-04-14,West,Technology,Laptop,425,4,118.85,Consumer
1470,2024-04-15,North,Technology,Chair,683,2,174.41,Consumer
1471,2024-04-16,West,Office Supplies,Pen,1152,3,132.82,Home Office
1472,2024-04-17,East,Furniture,Tablet,1119,3,332.73,Home Office
1473,2024-04-18,West,Technology,Pen,561,1,86.55,Home Office
1474,2024-04-19,East,Office Supplies,Table,1357,6,162.46,Corporate
1475,2024-04-20,West,Furniture,Pen,1017,8,270.38,Corporate
1476,2024-04-21,North,Technology,Laptop,1160,3,279.95,Consumer
1477,2024-04-22,West,Furniture,Laptop,946,5,211.38,Corporate
1478,2024-04-23,North,Office Supplies,Table,887,1,116.37,Consumer
1479,2024-04-24,West,Technology,Table,1747,7,341.89,Consumer
1480,2024-04-25,West,Furniture,Tablet,38,1,9.73,Consumer
1481,2024-04-26,South,Technology,Tablet,451,9,72.49,Corporate
1482,2024-04-27,North,Furniture,Notebook,1728,8,280.52,Home Office
1483,2024-04-28,South,Office Supplies,Table,759,7,76.38,Corporate
1484,2024-04-29,North,Office Supplies,Chair,1393,7,187.84,Consumer
1485,2024-04-30,South,Technology,Pen,202,5,55.57,Consumer
1486,2024-05-01,East,Furniture,Table,132,5,24.86,Corporate
1487,2024-05-02,West,Technology,Phone,1226,5,363.93,Consumer
1488,2024-05-03,North,Technology,Notebook,500,1,89.57,Consumer
1489,2024-05-04,North,Furniture,Phone,1189,8,288.97,Corporate
1490,2024-05-05,West,Furniture,Laptop,850,1,132.93,Corporate
1491,2024-05-06,North,Furniture,Tablet,1671,4,288.69,Corporate
1492,2024-05-07,North,Office Supplies,Pen,1156,9,159.7,Consumer
1493,2024-05-08,South,Technology,Table,782,9,132.48,Consumer
1494,2024-05-09,North,Technology,Phone,495,5,103.68,Home Office
1495,2024-05-10,East,Office Supplies,Pen,782,4,233.31,Home Office
1496,2024-05-11,East,Furniture,Laptop,1346,3,313.4,Corporate
1497,2024-05-12,West,Office Supplies,Tablet,990,3,138.45,Home Office
1498,2024-05-13,North,Office Supplies,Chair,1868,5,203.6,Consumer
1499,2024-05-14,West,Office Supplies,Notebook,1039,1,130.16,Home Office
1500,2024-05-15,East,Technology,Pen,1161,5,246.73,Consumer
1501,2024-05-16,North,Office Supplies,Pen,1856,6,469.63,Corporate
1502,2024-05-17,North,Technology,Chair,180,7,51.86,Corporate
1503,2024-05-18,West,Technology,Pen,420,9,43.33,Consumer
1504,2024-05-19,East,Technology,Laptop,217,3,44.39,Home Office
1505,2024-05-20,North,Furniture,Laptop,1303,2,253.01,Corporate
1506,2024-05-21,West,Technology,Chair,679,3,156.99,Corporate
1507,2024-05-22,East,Technology,Notebook,1795,9,380.39,Home Office
1508,2024-05-23,West,Furniture,Table,1090,7,258.77,Home Office
1509,2024-05-24,South,Technology,Phone,418,9,96.82,Consumer
1510,2024-05-25,North,Office Supplies,Table,1753,2,216.32,Home Office
1511,2024-05-26,South,Office Supplies,Pen,1602,5,416.43,Home Office
1512,2024-05-27,East,Technology,Phone,97,4,12.09,Home Office
1513,2024-05-28,South,Furniture,Chair,143,2,34.28,Consumer
1514,2024-05-29,South,Office Supplies,Chair,94,9,17.22,Consumer
1515,2024-05-30,East,Furniture,Notebook,1914,9,388.1,Corporate
1516,2024-05-31,West,Furniture,Phone,156,6,43.78,Consumer
1517,2024-06-01,South,Office Supplies,Laptop,621,6,172.62,Corporate
1518,2024-06-02,West,Furniture,Phone,1443,8,380.33,Home Office
1519,2024-06-03,South,Office Supplies,Pen,856,6,172.94,Corporate
1520,2024-06-04,West,Furniture,Laptop,1548,1,382.74,Corporate
1521,2024-06-05,East,Office Supplies,Tablet,519,4,105.14,Home Office
1522,2024-06-06,South,Technology,Tablet,1616,7,442.66,Corporate
1523,2024-06-07,East,Office Supplies,Tablet,157,2,28.35,Consumer
1524,2024-06-08,South,Office Supplies,Chair,69,9,20.29,Consumer
1525,2024-06-09,East,Office Supplies,Phone,1814,8,519.65,Consumer
1526,2024-06-10,East,Office Supplies,Tablet,992,8,246.33,Consumer
1527,2024-06-11,South,Furniture,Table,1662,7,259.08,Corporate
1528,2024-06-12,South,Technology,Notebook,1668,4,210.72,Corporate
1529,2024-06-13,South,Office Supplies,Table,1905,2,516.14,Home Office
1530,2024-06-14,North,Furniture,Tablet,273,3,36.33,Corporate
1531,2024-06-15,West,Technology,Notebook,1673,6,453.14,Corporate
1532,2024-06-16,North,Technology,Pen,729,5,144.45,Corporate
1533,2024-06-17,North,Technology,Table,1892,8,343.04,Home Office
1534,2024-06-18,East,Technology,Phone,1920,6,538.83,Consumer
1535,2024-06-19,South,Office Supplies,Phone,582,6,128.49,Corporate
1536,2024-06-20,West,Office Supplies,Table,776,1,167.09,Home Office
1537,2024-06-21,East,Furniture,Tablet,1958,4,414.61,Home Office
1538,2024-06-22,North,Furniture,Phone,1469,5,255.95,Home Office
1539,2024-06-23,South,Furniture,Pen,566,3,145.53,Consumer
1540,2024-06-24,East,Technology,Laptop,1345,9,202.5,Corporate
1541,2024-06-25,South,Technology,Tablet,941,1,270.8,Home Office
1542,2024-06-26,East,Office Supplies,Pen,600,6,167.28,Consumer
1543,2024-06-27,South,Technology,Notebook,1392,6,233.15,Home Office
1544,2024-06-28,North,Technology,Pen,1875,5,461.05,Home Office
1545,2024-06-29,West,Technology,Tablet,1976,5,424.14,Home Office
1546,2024-06-30,North,Furniture,Notebook,68,5,11.39,Home Office
1547,2024-07-01,West,Furniture,Tablet,936,6,278.65,Home Office
1548,2024-07-02,South,Office Supplies,Phone,1117,8,117.34,Consumer
1549,2024-07-03,East,Technology,Laptop,723,2,108.83,Corporate
1550,2024-07-04,North,Technology,Tablet,280,6,57.12,Corporate
1551,2024-07-05,West,Office Supplies,Tablet,375,1,76.65,Corporate
1552,2024-07-06,North,Technology,Phone,1625,4,353.9,Corporate
1553,2024-07-07,West,Technology,Chair,1645,3,411.8,Consumer
1554,2024-07-08,North,Furniture,Phone,1303,9,292.78,Consumer
1555,2024-07-09,West,Office Supplies,Notebook,657,3,144.58,Consumer
1556,2024-07-10,West,Office Supplies,Phone,762,6,84.36,Home Office
1557,2024-07-11,South,Office Supplies,Phone,1338,1,234.56,Home Office
1558,2024-07-12,West,Office Supplies,Laptop,1029,6,150.66,Home Office
1559,2024-07-13,South,Furniture,Phone,950,4,145.42,Corporate
1560,2024-07-14,West,Furniture,Tablet,660,8,139.17,Home Office
1561,2024-07-15,East,Technology,Laptop,811,9,113.46,Corporate
1562,2024-07-16,East,Technology,Table,1356,4,215.32,Home Office
1563,2024-07-17,East,Technology,Chair,631,6,93.02,Corporate
1564,2024-07-18,West,Technology,Laptop,1881,1,544.93,Home Office
1565,2024-07-19,South,Furniture,Notebook,828,4,239.24,Home Office
1566,2024-07-20,South,Office Supplies,Table,1225,7,271.94,Consumer
1567,2024-07-21,West,Furniture,Laptop,705,1,200.86,Home Office
1568,2024-07-22,East,Technology,Laptop,1871,8,481.15,Home Office
1569,2024-07-23,East,Furniture,Chair,1407,6,306.71,Consumer
1570,2024-07-24,South,Office Supplies,Tablet,207,5,20.97,Corporate
1571,2024-07-25,East,Office Supplies,Notebook,1612,9,410.26,Consumer
1572,2024-07-26,North,Furniture,Pen,1586,2,381.43,Consumer
1573,2024-07-27,South,Furniture,Pen,1639,5,365.58,Corporate
1574,2024-07-28,East,Furniture,Laptop,1707,6,430.31,Home Office
1575,2024-07-29,South,Technology,Phone,1004,7,203.39,Corporate
1576,2024-07-30,North,Furniture,Notebook,567,5,136.54,Home Office
1577,2024-07-31,South,Furniture,Table,744,9,213.55,Home Office
1578,2024-08-01,South,Furniture,Phone,945,1,165.53,Corporate
1579,2024-08-02,South,Office Supplies,Phone,1451,7,350.6,Consumer
1580,2024-08-03,South,Office Supplies,Notebook,895,7,174.65,Corporate
1581,2024-08-04,North,Technology,Tablet,637,4,149.62,Home Office
1582,2024-08-05,West,Technology,Laptop,433,9,109.37,Corporate
1583,2024-08-06,South,Office Supplies,Laptop,1385,5,151.09,Corporate
1584,2024-08-07,South,Office Supplies,Laptop,1263,4,289.63,Home Office
1585,2024-08-08,East,Office Supplies,Laptop,922,7,134.01,Consumer
1586,2024-08-09,South,Furniture,Pen,182,4,42.59,Corporate
1587,2024-08-10,East,Furniture,Laptop,1994,3,386.17,Home Office
1588,2024-08-11,West,Office Supplies,Pen,1263,9,321.7,Home Office
1589,2024-08-12,North,Furniture,Pen,289,8,36.03,Corporate
1590,2024-08-13,North,Furniture,Tablet,651,1,146.65,Consumer
1591,2024-08-14,West,Technology,Laptop,925,7,144.02,Corporate
1592,2024-08-15,North,Office Supplies,Chair,1891,9,511.7,Consumer
1593,2024-08-16,West,Office Supplies,Table,1443,8,412.23,Consumer
1594,2024-08-17,West,Furniture,Phone,1225,8,366.62,Consumer
1595,2024-08-18,West,Office Supplies,Pen,1661,6,430.53,Consumer
1596,2024-08-19,North,Technology,Notebook,1772,4,444.32,Corporate
1597,2024-08-20,East,Technology,Notebook,224,8,32.05,Home Office
1598,2024-08-21,West,Technology,Table,601,3,100.49,Home Office
1599,2024-08-22,South,Office Supplies,Notebook,1599,9,308.83,Home Office
1600,2024-08-23,North,Office Supplies,Chair,860,2,219.02,Home Office
1601,2024-08-24,West,Office Supplies,Notebook,1856,2,525.24,Home Office
1602,2024-08-25,West,Office Supplies,Phone,1271,7,175.18,Home Office
1603,2024-08-26,South,Office Supplies,Phone,1739,4,494.7,Corporate
1604,2024-08-27,East,Technology,Pen,1662,8,397.43,Consumer
1605,2024-08-28,East,Furniture,Laptop,615,9,136.62,Home Office
1606,2024-08-29,East,Technology,Tablet,1893,7,264.96,Corporate
1607,2024-08-30,West,Office Supplies,Chair,269,5,29.89,Home Office
1608,2024-08-31,West,Technology,Pen,894,8,191.04,Home Office
1609,2024-09-01,West,Office Supplies,Chair,1484,4,341.77,Consumer
1610,2024-09-02,North,Office Supplies,Laptop,1576,2,224.04,Consumer
1611,2024-09-03,South,Technology,Notebook,215,6,45.43,Consumer
1612,2024-09-04,West,Office Supplies,Notebook,709,9,192.35,Home Office
1613,2024-09-05,South,Furniture,Tablet,1972,1,526.55,Home Office
1614,2024-09-06,South,Office Supplies,Laptop,1562,7,445.91,Home Office
1615,2024-09-07,East,Furniture,Pen,1113,9,192.75,Consumer
1616,2024-09-08,North,Furniture,Tablet,658,9,107.66,Corporate
1617,2024-09-09,West,Office Supplies,Laptop,1442,3,360.33,Home Office
1618,2024-09-10,East,Technology,Table,691,5,128.68,Home Office
1619,2024-09-11,East,Furniture,Phone,1803,8,211.87,Home Office
1620,2024-09-12,West,Technology,Tablet,1246,8,195.07,Corporate
1621,2024-09-13,South,Furniture,Tablet,1191,4,218.81,Home Office
1622,2024-09-14,East,Office Supplies,Pen,1515,1,240.13,Corporate
1623,2024-09-15,South,Office Supplies,Chair,1698,1,282.62,Home Office
1624,2024-09-16,North,Furniture,Table,963,4,152.88,Corporate
1625,2024-09-17,South,Office Supplies,Pen,218,6,23.61,Home Office
1626,2024-09-18,North,Furniture,Laptop,1960,8,445.74,Consumer
1627,2024-09-19,South,Office Supplies,Laptop,1469,6,322.38,Consumer
1628,2024-09-20,East,Technology,Laptop,1709,9,394.23,Consumer
1629,2024-09-21,East,Office Supplies,Laptop,511,9,70.75,Consumer
1630,2024-09-22,North,Technology,Chair,1931,2,307.28,Home Office
1631,2024-09-23,West,Office Supplies,Table,915,1,204.89,Consumer
1632,2024-09-24,North,Technology,Notebook,161,2,35.41,Corporate
1633,2024-09-25,North,Office Supplies,Phone,1356,5,272.92,Consumer
1634,2024-09-26,South,Technology,Chair,184,4,31.3,Consumer
1635,2024-09-27,South,Furniture,Chair,333,4,94.1,Consumer
1636,2024-09-28,North,Furniture,Notebook,40,9,6.72,Home Office
1637,2024-09-29,East,Technology,Notebook,1125,8,215.01,Consumer
1638,2024-09-30,South,Office Supplies,Phone,1624,6,382.65,Corporate
1639,2024-10-01,West,Technology,Phone,1174,1,244.9,Consumer
1640,2024-10-02,South,Office Supplies,Notebook,1642,2,278.12,Consumer
1641,2024-10-03,South,Furniture,Laptop,1773,6,331.78,Consumer
1642,2024-10-04,West,Office Supplies,Chair,1976,2,511.58,Corporate
1643,2024-10-05,North,Furniture,Pen,1003,5,156.09,Consumer
1644,2024-10-06,West,Office Supplies,Phone,324,5,41.62,Corporate
1645,2024-10-07,North,Office Supplies,Phone,1958,6,318.43,Corporate
1646,2024-10-08,North,Office Supplies,Notebook,390,6,105.26,Consumer
1647,2024-10-09,North,Technology,Table,1900,6,223.82,Corporate
1648,2024-10-10,West,Technology,Pen,872,2,260.15,Home Office
1649,2024-10-11,North,Furniture,Pen,403,3,83.9,Consumer
1650,2024-10-12,East,Furniture,Phone,1951,6,579.39,Consumer
1651,2024-10-13,West,Technology,Laptop,464,8,133.54,Corporate
1652,2024-10-14,East,Furniture,Table,444,1,84.61,Corporate
1653,2024-10-15,North,Technology,Pen,180,1,25.15,Consumer
1654,2024-10-16,South,Office Supplies,Phone,1221,2,162.36,Home Office
1655,2024-10-17,North,Furniture,Pen,648,6,95.9,Corporate
1656,2024-10-18,East,Furniture,Tablet,1751,9,423.79,Corporate
1657,2024-10-19,East,Technology,Table,914,4,141.3,Home Office
1658,2024-10-20,West,Furniture,Table,509,3,85.66,Home Office
1659,2024-10-21,South,Furniture,Tablet,1036,8,196.59,Consumer
1660,2024-10-22,West,Office Supplies,Chair,346,9,97.8,Home Office
1661,2024-10-23,East,Furniture,Tablet,617,5,85.07,Consumer
1662,2024-10-24,North,Office Supplies,Notebook,1034,9,104.44,Home Office
1663,2024-10-25,South,Technology,Notebook,308,2,34.5,Corporate
1664,2024-10-26,North,Furniture,Phone,612,3,171.94,Consumer
1665,2024-10-27,North,Office Supplies,Table,1707,7,391.76,Consumer
1666,2024-10-28,South,Technology,Chair,1616,7,249.85,Consumer
1667,2024-10-29,West,Furniture,Chair,592,6,80.18,Home Office
1668,2024-10-30,North,Technology,Pen,1397,6,221.92,Corporate
1669,2024-10-31,East,Furniture,Pen,47,2,5.78,Consumer
1670,2024-11-01,North,Technology,Tablet,973,6,280.52,Consumer
1671,2024-11-02,South,Technology,Chair,62,4,15.92,Consumer
1672,2024-11-03,South,Office Supplies,Tablet,1724,3,331.83,Consumer
1673,2024-11-04,South,Technology,Tablet,442,2,120.66,Corporate
1674,2024-11-05,West,Furniture,Pen,1641,1,245.97,Home Office
1675,2024-11-06,North,Furniture,Table,196,5,47.71,Corporate
1676,2024-11-07,West,Office Supplies,Tablet,548,2,148.63,Consumer
1677,2024-11-08,West,Furniture,Laptop,1653,2,283.25,Corporate
1678,2024-11-09,South,Furniture,Table,985,7,247.72,Consumer
1679,2024-11-10,South,Furniture,Chair,1537,8,244.41,Home Office
1680,2024-11-11,West,Technology,Chair,217,8,34.67,Home Office
1681,2024-11-12,North,Technology,Tablet,629,4,76.37,Home Office
1682,2024-11-13,East,Furniture,Table,1620,1,304.58,Consumer
1683,2024-11-14,West,Office Supplies,Pen,861,7,211.76,Corporate
1684,2024-11-15,North,Technology,Pen,872,1,251.17,Home Office
1685,2024-11-16,South,Office Supplies,Notebook,1560,4,344.38,Consumer
1686,2024-11-17,South,Furniture,Chair,1557,8,424.48,Consumer
1687,2024-11-18,North,Furniture,Phone,41,2,10.84,Corporate
1688,2024-11-19,East,Technology,Notebook,1155,6,155.54,Home Office
1689,2024-11-20,South,Furniture,Pen,1100,6,216.88,Consumer
1690,2024-11-21,South,Technology,Table,1109,9,136.83,Corporate
1691,2024-11-22,South,Furniture,Pen,861,5,203.57,Home Office
1692,2024-11-23,North,Furniture,Table,117,4,33.93,Corporate
1693,2024-11-24,West,Technology,Notebook,1187,5,151.25,Corporate
1694,2024-11-25,South,Technology,Chair,1923,5,474.55,Consumer
1695,2024-11-26,West,Technology,Pen,454,8,102.81,Consumer
1696,2024-11-27,East,Furniture,Tablet,656,8,142.17,Consumer
1697,2024-11-28,South,Furniture,Table,1722,2,306.56,Corporate
1698,2024-11-29,South,Office Supplies,Chair,1129,7,193.09,Consumer
1699,2024-11-30,East,Technology,Phone,607,8,66.19,Corporate
1700,2024-12-01,South,Furniture,Table,363,6,52.12,Corporate
1701,2024-12-02,West,Furniture,Notebook,1979,5,203.91,Consumer
1702,2024-12-03,North,Technology,Phone,1337,9,289.17,Home Office
1703,2024-12-04,West,Office Supplies,Phone,1999,3,242.22,Home Office
1704,2024-12-05,North,Technology,Laptop,590,4,162.02,Home Office
1705,2024-12-06,North,Office Supplies,Pen,1693,9,346.44,Corporate
1706,2024-12-07,West,Furniture,Table,630,6,151.16,Corporate
1707,2024-12-08,West,Office Supplies,Phone,1747,8,318.25,Corporate
1708,2024-12-09,West,Furniture,Laptop,262,7,55.57,Consumer
1709,2024-12-10,West,Technology,Notebook,1874,2,540.71,Corporate
1710,2024-12-11,East,Technology,Chair,580,3,67.6,Consumer
1711,2024-12-12,South,Technology,Tablet,979,1,147.62,Consumer
1712,2024-12-13,North,Office Supplies,Tablet,51,9,13.06,Home Office
1713,2024-12-14,West,Furniture,Table,410,7,49.1,Home Office
1714,2024-12-15,West,Technology,Phone,296,1,34.08,Home Office
1715,2024-12-16,West,Technology,Tablet,551,3,94.94,Consumer
1716,2024-12-17,East,Furniture,Pen,1197,4,141.77,Consumer
1717,2024-12-18,West,Technology,Tablet,402,4,87.24,Consumer
1718,2024-12-19,West,Furniture,Tablet,1111,5,161.38,Corporate
1719,2024-12-20,West,Furniture,Tablet,1921,3,536.23,Consumer
1720,2024-12-21,South,Furniture,Laptop,903,3,231.8,Home Office
1721,2024-12-22,East,Furniture,Phone,233,1,55.91,Home Office
1722,2024-12-23,West,Furniture,Pen,1698,7,379.31,Consumer
1723,2024-12-24,North,Office Supplies,Phone,395,1,107.71,Consumer
1724,2024-12-25,North,Technology,Table,763,2,110.34,Home Office
1725,2024-12-26,North,Office Supplies,Table,232,4,63.71,Consumer
1726,2024-12-27,East,Technology,Table,98,4,25.27,Home Office
1727,2024-12-28,East,Office Supplies,Notebook,1769,5,441.6,Corporate
1728,2024-12-29,North,Furniture,Tablet,647,2,137.33,Home Office
1729,2024-12-30,West,Technology,Notebook,623,4,92.98,Corporate
1730,2024-12-31,East,Technology,Laptop,801,1,147.95,Consumer
1731,2025-01-01,North,Office Supplies,Table,1966,2,508.63,Consumer
1732,2025-01-02,North,Office Supplies,Pen,1424,1,151.45,Corporate
1733,2025-01-03,West,Technology,Phone,1020,4,261.54,Consumer
1734,2025-01-04,South,Office Supplies,Tablet,699,4,103.46,Corporate
1735,2025-01-05,East,Office Supplies,Chair,77,7,9.92,Consumer
1736,2025-01-06,West,Office Supplies,Pen,1839,9,226.45,Home Office
1737,2025-01-07,North,Furniture,Tablet,1069,9,112.73,Consumer
1738,2025-01-08,North,Furniture,Notebook,900,5,184.25,Home Office
1739,2025-01-09,West,Office Supplies,Notebook,466,1,66.94,Home Office
1740,2025-01-10,East,Office Supplies,Pen,85,1,25.32,Corporate
1741,2025-01-11,South,Furniture,Notebook,1964,6,422.04,Consumer
1742,2025-01-12,South,Furniture,Table,1803,2,230.02,Corporate
1743,2025-01-13,North,Technology,Laptop,1297,8,308.37,Consumer
1744,2025-01-14,East,Technology,Phone,1942,9,542.88,Home Office
1745,2025-01-15,South,Furniture,Laptop,1087,4,270.7,Home Office
1746,2025-01-16,East,Office Supplies,Tablet,1140,5,131.43,Consumer
1747,2025-01-17,East,Office Supplies,Phone,1597,8,445.85,Consumer
1748,2025-01-18,North,Office Supplies,Phone,1031,3,266.81,Corporate
1749,2025-01-19,South,Office Supplies,Laptop,246,5,32.39,Consumer
1750,2025-01-20,West,Technology,Pen,793,3,87.51,Consumer
1751,2025-01-21,North,Furniture,Phone,698,3,147.6,Consumer
1752,2025-01-22,South,Office Supplies,Laptop,1479,3,194.06,Corporate
1753,2025-01-23,South,Technology,Phone,1834,7,489.53,Consumer
1754,2025-01-24,South,Office Supplies,Chair,620,7,106.43,Home Office
1755,2025-01-25,South,Furniture,Pen,398,7,112.47,Corporate
1756,2025-01-26,South,Technology,Table,1221,8,260.24,Corporate
1757,2025-01-27,East,Furniture,Phone,1470,5,200.71,Home Office
1758,2025-01-28,North,Furniture,Chair,1958,5,250.47,Home Office
1759,2025-01-29,East,Technology,Table,728,4,156.73,Home Office
1760,2025-01-30,West,Technology,Table,326,7,82.27,Consumer
1761,2025-01-31,South,Technology,Tablet,798,4,204.53,Home Office
1762,2025-02-01,North,Technology,Phone,523,2,81.14,Consumer
1763,2025-02-02,South,Technology,Laptop,287,4,40.42,Corporate
1764,2025-02-03,North,Technology,Phone,1629,8,168.36,Corporate
1765,2025-02-04,East,Technology,Chair,27,9,6.37,Home Office
1766,2025-02-05,North,Office Supplies,Table,1963,3,226.36,Consumer
1767,2025-02-06,West,Furniture,Phone,527,7,97.05,Home Office
1768,2025-02-07,West,Technology,Laptop,495,9,109.07,Home Office
1769,2025-02-08,North,Office Supplies,Tablet,1340,4,385.15,Consumer
1770,2025-02-09,North,Office Supplies,Phone,183,3,29.71,Home Office
1771,2025-02-10,North,Office Supplies,Pen,504,5,75.58,Corporate
1772,2025-02-11,North,Furniture,Tablet,1640,1,378.56,Home Office
1773,2025-02-12,West,Technology,Laptop,1115,3,249.59,Consumer
1774,2025-02-13,South,Office Supplies,Chair,586,8,97.52,Consumer
1775,2025-02-14,North,Furniture,Table,924,8,263.91,Corporate
1776,2025-02-15,North,Furniture,Phone,578,4,155.47,Consumer
1777,2025-02-16,West,Furniture,Laptop,1954,2,282.93,Consumer
1778,2025-02-17,West,Office Supplies,Tablet,1987,8,293.74,Corporate
1779,2025-02-18,East,Technology,Pen,257,8,52.03,Home Office
1780,2025-02-19,North,Office Supplies,Laptop,1147,4,292.16,Corporate
1781,2025-02-20,East,Office Supplies,Notebook,1253,3,136.34,Home Office
1782,2025-02-21,West,Technology,Pen,573,2,136.76,Corporate
1783,2025-02-22,West,Technology,Tablet,847,9,194.51,Home Office
1784,2025-02-23,South,Technology,Chair,487,1,71.25,Corporate
1785,2025-02-24,North,Furniture,Table,1497,7,353.7,Home Office
1786,2025-02-25,East,Technology,Tablet,1311,5,377.62,Corporate
1787,2025-02-26,West,Office Supplies,Chair,405,8,44.29,Home Office
1788,2025-02-27,West,Technology,Phone,794,4,130.16,Corporate
1789,2025-02-28,East,Office Supplies,Laptop,867,7,162.68,Consumer
1790,2025-03-01,South,Furniture,Notebook,406,5,113.62,Home Office
1791,2025-03-02,West,Office Supplies,Pen,896,5,262.04,Corporate
1792,2025-03-03,North,Office Supplies,Pen,278,9,52.49,Home Office
1793,2025-03-04,West,Technology,Laptop,302,9,75.5,Home Office
1794,2025-03-05,North,Technology,Notebook,1669,9,344.37,Corporate
1795,2025-03-06,East,Office Supplies,Laptop,1918,6,398.09,Home Office
1796,2025-03-07,North,Technology,Phone,59,6,9.18,Corporate
1797,2025-03-08,East,Furniture,Chair,505,5,72.41,Consumer
1798,2025-03-09,North,Furniture,Tablet,948,9,149.41,Home Office
1799,2025-03-10,East,Technology,Pen,239,8,50.49,Consumer
1800,2025-03-11,North,Furniture,Phone,1172,7,124.03,Home Office
1801,2025-03-12,South,Technology,Chair,1034,7,291.02,Home Office
1802,2025-03-13,North,Office Supplies,Phone,1043,6,136.9,Home Office
1803,2025-03-14,North,Office Supplies,Notebook,1563,5,225.1,Corporate
1804,2025-03-15,South,Furniture,Pen,632,4,128.71,Consumer
1805,2025-03-16,West,Technology,Tablet,947,3,229.2,Home Office
1806,2025-03-17,West,Technology,Laptop,1935,3,230.55,Corporate
1807,2025-03-18,North,Furniture,Laptop,707,6,115.62,Home Office
1808,2025-03-19,South,Office Supplies,Chair,1662,4,488.19,Corporate
1809,2025-03-20,North,Furniture,Tablet,632,6,96.36,Home Office
1810,2025-03-21,East,Office Supplies,Table,279,3,45.37,Consumer
1811,2025-03-22,East,Technology,Notebook,1009,4,269.71,Consumer
1812,2025-03-23,North,Office Supplies,Chair,985,9,108.39,Home Office
1813,2025-03-24,West,Furniture,Table,385,5,74.28,Corporate
1814,2025-03-25,West,Technology,Phone,1801,7,316.84,Home Office
1815,2025-03-26,North,Furniture,Notebook,1830,2,298.87,Corporate
1816,2025-03-27,North,Furniture,Phone,563,5,88.47,Home Office
1817,2025-03-28,East,Office Supplies,Tablet,668,9,79.01,Corporate
1818,2025-03-29,West,Furniture,Pen,1567,3,255.37,Consumer
1819,2025-03-30,North,Office Supplies,Notebook,1950,9,211.79,Home Office
1820,2025-03-31,East,Technology,Table,833,6,213.41,Consumer
1821,2025-04-01,West,Office Supplies,Pen,1930,4,346.72,Consumer
1822,2025-04-02,South,Technology,Laptop,1059,7,199.92,Home Office
1823,2025-04-03,East,Office Supplies,Table,1172,8,326.66,Home Office
1824,2025-04-04,West,Furniture,Chair,594,6,137.58,Corporate
1825,2025-04-05,West,Office Supplies,Laptop,1152,5,117.06,Corporate
1826,2025-04-06,East,Office Supplies,Laptop,1930,6,557.07,Consumer
1827,2025-04-07,South,Technology,Chair,1032,5,152.15,Corporate
1828,2025-04-08,East,Furniture,Notebook,1576,8,191.52,Corporate
1829,2025-04-09,West,Office Supplies,Laptop,689,1,174.75,Home Office
1830,2025-04-10,North,Furniture,Tablet,288,7,57.63,Corporate
1831,2025-04-11,North,Office Supplies,Table,1205,2,225.04,Consumer
1832,2025-04-12,East,Office Supplies,Pen,1303,9,195.32,Corporate
1833,2025-04-13,West,Furniture,Laptop,943,1,197.55,Consumer
1834,2025-04-14,North,Office Supplies,Table,1145,6,177.33,Home Office
1835,2025-04-15,West,Furniture,Phone,1549,9,434.21,Consumer
1836,2025-04-16,East,Office Supplies,Table,1778,1,254.33,Corporate
1837,2025-04-17,North,Technology,Pen,1614,4,446.87,Home Office
1838,2025-04-18,West,Furniture,Table,266,4,56.36,Corporate
1839,2025-04-19,North,Office Supplies,Chair,1683,9,447.17,Home Office
1840,2025-04-20,East,Office Supplies,Pen,1838,5,445.84,Home Office
1841,2025-04-21,West,Technology,Notebook,1880,5,449.96,Corporate
1842,2025-04-22,North,Furniture,Phone,1580,6,260.49,Corporate
1843,2025-04-23,East,Office Supplies,Chair,150,1,22.02,Home Office
1844,2025-04-24,North,Technology,Notebook,372,1,52.89,Home Office
1845,2025-04-25,North,Office Supplies,Table,215,9,58.36,Corporate
1846,2025-04-26,South,Furniture,Pen,1836,3,484.86,Consumer
1847,2025-04-27,South,Office Supplies,Phone,1959,4,368.52,Corporate
1848,2025-04-28,East,Office Supplies,Chair,949,1,120.03,Home Office
1849,2025-04-29,South,Office Supplies,Notebook,1709,9,301.55,Corporate
1850,2025-04-30,East,Office Supplies,Notebook,1425,8,319.01,Consumer
1851,2025-05-01,South,Technology,Phone,1041,2,198.71,Corporate
1852,2025-05-02,North,Technology,Tablet,664,8,170.01,Home Office
1853,2025-05-03,East,Furniture,Table,246,7,73.68,Corporate
1854,2025-05-04,East,Technology,Phone,720,6,99.52,Home Office
1855,2025-05-05,North,Technology,Notebook,1519,1,291.54,Home Office
1856,2025-05-06,East,Furniture,Laptop,1520,7,283.02,Corporate
1857,2025-05-07,East,Technology,Chair,284,7,45.7,Home Office
1858,2025-05-08,South,Technology,Phone,1415,9,197.56,Home Office
1859,2025-05-09,East,Furniture,Tablet,1529,1,172.99,Consumer
1860,2025-05-10,West,Furniture,Notebook,1477,2,409.76,Consumer
1861,2025-05-11,North,Furniture,Table,665,9,122.34,Consumer
1862,2025-05-12,South,Office Supplies,Notebook,230,9,45.86,Consumer
1863,2025-05-13,South,Office Supplies,Table,1615,6,457.67,Home Office
1864,2025-05-14,West,Furniture,Phone,1983,6,506.18,Corporate
1865,2025-05-15,North,Furniture,Table,1420,4,179.06,Home Office
1866,2025-05-16,North,Furniture,Pen,1438,4,306.41,Home Office
1867,2025-05-17,South,Office Supplies,Pen,1493,5,281.36,Home Office
1868,2025-05-18,East,Office Supplies,Pen,962,3,249.58,Corporate
1869,2025-05-19,South,Technology,Tablet,1407,1,344.5,Consumer
1870,2025-05-20,North,Technology,Tablet,1919,1,456.88,Home Office
1871,2025-05-21,West,Furniture,Laptop,476,7,80.02,Home Office
1872,2025-05-22,South,Office Supplies,Tablet,744,1,194.18,Consumer
1873,2025-05-23,North,Office Supplies,Phone,1771,1,195.66,Home Office
1874,2025-05-24,South,Office Supplies,Notebook,1269,3,167.41,Corporate
1875,2025-05-25,East,Furniture,Notebook,1001,4,167.29,Home Office
1876,2025-05-26,South,Technology,Laptop,1174,4,135.43,Home Office
1877,2025-05-27,South,Furniture,Tablet,607,2,89.23,Consumer
1878,2025-05-28,North,Technology,Table,495,1,131.68,Home Office
1879,2025-05-29,North,Technology,Laptop,1841,3,533.25,Home Office
1880,2025-05-30,North,Furniture,Table,1005,4,161.73,Corporate
1881,2025-05-31,South,Technology,Table,1320,3,201.83,Consumer
1882,2025-06-01,East,Technology,Chair,175,8,27.3,Consumer
1883,2025-06-02,West,Office Supplies,Notebook,1803,1,280.45,Corporate
1884,2025-06-03,West,Technology,Pen,1261,2,135.16,Home Office
1885,2025-06-04,North,Furniture,Tablet,209,7,59.65,Consumer
1886,2025-06-05,North,Furniture,Table,1460,4,208.4,Consumer
1887,2025-06-06,South,Technology,Chair,1000,8,184.0,Home Office
1888,2025-06-07,West,Office Supplies,Notebook,1718,3,175.13,Home Office
1889,2025-06-08,North,Office Supplies,Pen,1735,6,471.21,Consumer
1890,2025-06-09,East,Technology,Table,565,9,139.12,Home Office
1891,2025-06-10,East,Technology,Table,60,1,17.36,Consumer
1892,2025-06-11,North,Furniture,Laptop,326,1,83.56,Home Office
1893,2025-06-12,North,Technology,Laptop,962,8,156.56,Home Office
1894,2025-06-13,West,Office Supplies,Notebook,357,3,53.4,Corporate
1895,2025-06-14,West,Technology,Pen,1357,5,325.06,Home Office
1896,2025-06-15,South,Furniture,Table,1118,1,193.22,Corporate
1897,2025-06-16,West,Furniture,Notebook,972,5,207.27,Home Office
1898,2025-06-17,East,Furniture,Notebook,298,6,30.17,Consumer
1899,2025-06-18,East,Furniture,Phone,1219,8,136.99,Consumer
1900,2025-06-19,North,Furniture,Tablet,915,3,189.47,Home Office
1901,2025-06-20,West,Technology,Laptop,1705,3,363.53,Home Office
1902,2025-06-21,South,Technology,Pen,292,9,73.08,Consumer
1903,2025-06-22,East,Technology,Table,856,4,108.19,Home Office
1904,2025-06-23,East,Technology,Notebook,639,4,129.48,Corporate
1905,2025-06-24,South,Furniture,Table,1694,7,235.28,Corporate
1906,2025-06-25,South,Office Supplies,Phone,881,2,104.52,Corporate
1907,2025-06-26,East,Technology,Pen,1826,8,332.51,Corporate
1908,2025-06-27,East,Office Supplies,Notebook,1902,6,252.33,Corporate
1909,2025-06-28,South,Technology,Table,950,3,137.14,Home Office
1910,2025-06-29,East,Technology,Laptop,308,9,50.36,Home Office
1911,2025-06-30,North,Office Supplies,Tablet,743,5,112.85,Corporate
1912,2025-07-01,North,Furniture,Phone,912,8,107.18,Home Office
1913,2025-07-02,South,Technology,Pen,291,7,34.33,Home Office
1914,2025-07-03,West,Technology,Phone,1973,8,273.56,Corporate
1915,2025-07-04,South,Technology,Laptop,1109,7,122.11,Home Office
1916,2025-07-05,South,Office Supplies,Pen,502,3,113.1,Home Office
1917,2025-07-06,West,Furniture,Phone,955,2,150.38,Home Office
1918,2025-07-07,West,Office Supplies,Chair,267,7,41.64,Corporate
1919,2025-07-08,West,Office Supplies,Laptop,175,3,29.12,Home Office
1920,2025-07-09,North,Furniture,Laptop,1090,3,253.49,Consumer
1921,2025-07-10,East,Office Supplies,Laptop,1978,2,542.22,Consumer
1922,2025-07-11,North,Furniture,Chair,473,4,119.11,Corporate
1923,2025-07-12,East,Technology,Chair,220,8,54.01,Consumer
1924,2025-07-13,North,Furniture,Table,1703,1,335.28,Corporate
1925,2025-07-14,East,Technology,Notebook,143,1,34.14,Consumer
1926,2025-07-15,North,Office Supplies,Tablet,20,5,4.21,Consumer
1927,2025-07-16,West,Office Supplies,Phone,987,5,141.39,Consumer
1928,2025-07-17,South,Technology,Table,1802,1,255.38,Corporate
1929,2025-07-18,North,Office Supplies,Phone,874,6,139.21,Corporate
1930,2025-07-19,East,Furniture,Tablet,659,1,185.94,Home Office
1931,2025-07-20,West,Technology,Notebook,210,5,43.99,Corporate
1932,2025-07-21,North,Office Supplies,Chair,1622,9,400.28,Consumer
1933,2025-07-22,North,Technology,Notebook,535,5,90.58,Consumer
1934,2025-07-23,West,Furniture,Chair,461,6,83.69,Corporate
1935,2025-07-24,North,Furniture,Tablet,1964,8,245.72,Corporate
1936,2025-07-25,South,Office Supplies,Notebook,1858,1,249.45,Corporate
1937,2025-07-26,North,Furniture,Table,1849,2,490.86,Home Office
1938,2025-07-27,South,Technology,Pen,162,9,35.15,Consumer
1939,2025-07-28,South,Furniture,Table,1234,3,206.7,Home Office
1940,2025-07-29,West,Technology,Phone,552,6,143.83,Home Office
1941,2025-07-30,North,Technology,Table,246,5,36.73,Consumer
1942,2025-07-31,West,Furniture,Tablet,1356,2,400.3,Consumer
1943,2025-08-01,North,Office Supplies,Laptop,1672,7,282.51,Corporate
1944,2025-08-02,North,Furniture,Phone,968,4,162.1,Corporate
1945,2025-08-03,East,Technology,Notebook,1345,1,218.4,Home Office
1946,2025-08-04,North,Technology,Phone,1697,4,211.14,Corporate
1947,2025-08-05,West,Furniture,Pen,479,6,58.55,Corporate
1948,2025-08-06,South,Office Supplies,Chair,1444,7,331.57,Consumer
1949,2025-08-07,North,Office Supplies,Notebook,570,7,156.76,Consumer
1950,2025-08-08,East,Technology,Phone,412,7,106.34,Corporate
1951,2025-08-09,West,Technology,Notebook,1910,3,244.9,Consumer
1952,2025-08-10,North,Office Supplies,Notebook,1807,6,377.87,Corporate
1953,2025-08-11,West,Furniture,Notebook,864,8,104.65,Consumer
1954,2025-08-12,East,Technology,Chair,1250,4,136.32,Consumer
1955,2025-08-13,East,Technology,Tablet,229,8,52.96,Consumer
1956,2025-08-14,West,Office Supplies,Table,1158,2,239.74,Consumer
1957,2025-08-15,North,Furniture,Notebook,1780,9,207.2,Corporate
1958,2025-08-16,South,Office Supplies,Laptop,665,9,71.15,Home Office
1959,2025-08-17,East,Furniture,Tablet,1294,8,385.55,Consumer
1960,2025-08-18,North,Furniture,Pen,238,1,25.23,Corporate
1961,2025-08-19,North,Furniture,Chair,426,2,80.47,Corporate
1962,2025-08-20,South,Technology,Phone,1486,6,298.57,Consumer
1963,2025-08-21,East,Office Supplies,Chair,1646,5,203.21,Home Office
1964,2025-08-22,East,Office Supplies,Phone,1397,9,186.94,Consumer
1965,2025-08-23,North,Furniture,Chair,907,5,154.52,Corporate
1966,2025-08-24,North,Technology,Phone,577,2,145.6,Home Office
1967,2025-08-25,South,Technology,Notebook,569,4,114.61,Corporate
1968,2025-08-26,South,Office Supplies,Table,161,9,36.64,Consumer
1969,2025-08-27,East,Technology,Phone,631,1,187.43,Home Office
1970,2025-08-28,West,Technology,Phone,520,1,131.87,Corporate
1971,2025-08-29,East,Furniture,Laptop,859,7,160.52,Corporate
1972,2025-08-30,North,Technology,Phone,721,3,136.48,Corporate
1973,2025-08-31,East,Furniture,Laptop,1590,2,355.77,Consumer
1974,2025-09-01,West,Office Supplies,Pen,1702,9,396.69,Home Office
1975,2025-09-02,South,Technology,Notebook,1585,3,317.23,Consumer
1976,2025-09-03,West,Office Supplies,Laptop,1889,2,432.53,Consumer
1977,2025-09-04,West,Office Supplies,Table,1550,8,162.3,Consumer
1978,2025-09-05,West,Technology,Tablet,615,6,114.34,Home Office
1979,2025-09-06,South,Technology,Notebook,1924,6,299.74,Consumer
1980,2025-09-07,West,Office Supplies,Laptop,300,7,37.75,Consumer
1981,2025-09-08,West,Technology,Notebook,443,7,53.12,Consumer
1982,2025-09-09,West,Furniture,Notebook,875,6,193.06,Consumer
1983,2025-09-10,North,Furniture,Notebook,289,4,59.16,Corporate
1984,2025-09-11,West,Technology,Pen,173,9,26.07,Consumer
1985,2025-09-12,South,Office Supplies,Table,633,6,122.92,Corporate
1986,2025-09-13,West,Technology,Chair,1770,4,351.25,Consumer
1987,2025-09-14,West,Technology,Chair,681,3,94.66,Home Office
1988,2025-09-15,South,Office Supplies,Laptop,1987,4,457.84,Corporate
1989,2025-09-16,West,Office Supplies,Notebook,102,3,26.13,Corporate
1990,2025-09-17,South,Furniture,Laptop,1665,2,430.06,Corporate
1991,2025-09-18,West,Office Supplies,Pen,966,5,213.0,Corporate
1992,2025-09-19,South,Furniture,Pen,918,2,185.74,Home Office
1993,2025-09-20,West,Office Supplies,Phone,1469,6,164.82,Consumer
1994,2025-09-21,West,Technology,Pen,1318,3,207.67,Corporate
1995,2025-09-22,North,Furniture,Phone,1756,6,208.36,Home Office
1996,2025-09-23,North,Furniture,Table,303,9,88.71,Corporate
1997,2025-09-24,West,Furniture,Laptop,999,1,126.89,Consumer
1998,2025-09-25,West,Technology,Tablet,192,6,25.03,Corporate
1999,2025-09-26,East,Technology,Table,1370,9,380.74,Home Office
